id,time,temp,rh,prec,wd,ws,Visibility_km,Weather
QUEBEC INTL A,2023-05-01 00:00,8.2,81,0,7,46,16.1,NA
QUEBEC INTL A,2023-05-01 01:00,8.7,80,0,7,43,16.1,Cloudy
QUEBEC INTL A,2023-05-01 02:00,8.4,84,0,7,48,12.9,Rain
QUEBEC INTL A,2023-05-01 03:00,8.6,83,0.5,7,46,16.1,Rain
QUEBEC INTL A,2023-05-01 04:00,9.2,81,0,7,54,16.1,Rain
QUEBEC INTL A,2023-05-01 05:00,8.7,85,0.7,7,50,24.1,Rain
QUEBEC INTL A,2023-05-01 06:00,8.8,83,0.5,7,57,24.1,Rain
QUEBEC INTL A,2023-05-01 07:00,8,94,0.7,7,50,2,"Moderate Rain Showers,Fog"
QUEBEC INTL A,2023-05-01 08:00,7.6,96,4.2,7,49,4.8,"Moderate Rain Showers,Fog"
QUEBEC INTL A,2023-05-01 09:00,7.5,95,3,6,50,12.9,Rain Showers
QUEBEC INTL A,2023-05-01 10:00,8,93,0.6,7,53,4.8,"Rain Showers,Fog"
QUEBEC INTL A,2023-05-01 11:00,8,96,3.4,6,51,3.6,"Heavy Rain Showers,Fog"
QUEBEC INTL A,2023-05-01 12:00,9.1,90,1.7,6,58,16.1,Rain Showers
QUEBEC INTL A,2023-05-01 13:00,9.5,93,0,7,51,12.9,Rain Showers
QUEBEC INTL A,2023-05-01 14:00,8.2,92,4.5,23,48,8.1,"Rain Showers,Fog"
QUEBEC INTL A,2023-05-01 15:00,7.2,94,2.3,22,25,8.1,"Moderate Rain Showers,Fog"
QUEBEC INTL A,2023-05-01 16:00,9.2,83,0.9,22,19,48.3,Mostly Cloudy
QUEBEC INTL A,2023-05-01 17:00,9.4,80,0,22,9,48.3,NA
QUEBEC INTL A,2023-05-01 18:00,9.7,76,0,22,4,48.3,NA
QUEBEC INTL A,2023-05-01 19:00,6.7,91,0,,0,48.3,Clear
QUEBEC INTL A,2023-05-01 20:00,6.8,91,0,3,10,24.1,NA
QUEBEC INTL A,2023-05-01 21:00,4.8,94,0,4,10,24.1,NA
QUEBEC INTL A,2023-05-01 22:00,5.5,93,0,6,21,24.1,Mainly Clear
QUEBEC INTL A,2023-05-01 23:00,5.8,88,0,8,23,24.1,NA
QUEBEC INTL A,2023-05-02 00:00,6.2,87,0,7,17,24.1,Rain Showers
QUEBEC INTL A,2023-05-02 01:00,6.5,96,1.6,7,18,16.1,Rain Showers
QUEBEC INTL A,2023-05-02 02:00,6.3,94,0,7,22,24.1,NA
QUEBEC INTL A,2023-05-02 03:00,6.4,95,0,7,26,24.1,NA
QUEBEC INTL A,2023-05-02 04:00,6.3,95,0,7,17,16.1,Cloudy
QUEBEC INTL A,2023-05-02 05:00,6.7,94,0,7,24,24.1,NA
QUEBEC INTL A,2023-05-02 06:00,6.9,94,0,7,25,32.2,NA
QUEBEC INTL A,2023-05-02 07:00,7.3,93,0,8,23,32.2,Cloudy
QUEBEC INTL A,2023-05-02 08:00,8.3,91,0,7,27,32.2,NA
QUEBEC INTL A,2023-05-02 09:00,8.6,89,0,7,26,32.2,NA
QUEBEC INTL A,2023-05-02 10:00,10.1,83,0,7,33,48.3,Mostly Cloudy
QUEBEC INTL A,2023-05-02 11:00,11,77,0,6,38,32.2,NA
QUEBEC INTL A,2023-05-02 12:00,12.5,73,0,6,37,32.2,NA
QUEBEC INTL A,2023-05-02 13:00,10.3,76,0,6,43,32.2,Mostly Cloudy
QUEBEC INTL A,2023-05-02 14:00,10.9,75,0,6,41,32.2,NA
QUEBEC INTL A,2023-05-02 15:00,11.2,75,0,7,43,48.3,NA
QUEBEC INTL A,2023-05-02 16:00,10.1,77,0,7,46,24.1,Mostly Cloudy
QUEBEC INTL A,2023-05-02 17:00,9.5,79,0,7,43,24.1,NA
QUEBEC INTL A,2023-05-02 18:00,8.3,82,0,7,31,24.1,NA
QUEBEC INTL A,2023-05-02 19:00,8.1,83,0,7,36,24.1,Cloudy
QUEBEC INTL A,2023-05-02 20:00,7.5,85,0,7,28,19.3,Rain Showers
QUEBEC INTL A,2023-05-02 21:00,7.4,86,0,7,32,16.1,NA
QUEBEC INTL A,2023-05-02 22:00,7.3,86,0,7,29,24.1,Rain Showers
QUEBEC INTL A,2023-05-02 23:00,7.3,81,0,6,35,24.1,NA
QUEBEC INTL A,2023-05-03 00:00,7,80,0,7,42,24.1,NA
QUEBEC INTL A,2023-05-03 01:00,6.6,79,0,6,42,24.1,Cloudy
QUEBEC INTL A,2023-05-03 02:00,6.2,80,0,6,35,24.1,Rain Showers
QUEBEC INTL A,2023-05-03 03:00,5.5,86,0,6,36,16.1,Drizzle
QUEBEC INTL A,2023-05-03 04:00,5,82,0,6,43,24.1,Cloudy
QUEBEC INTL A,2023-05-03 05:00,4.5,85,0,6,51,16.1,Rain
QUEBEC INTL A,2023-05-03 06:00,4.6,87,0,7,43,19.3,Rain
QUEBEC INTL A,2023-05-03 07:00,4.3,90,0,6,38,19.3,Rain
QUEBEC INTL A,2023-05-03 08:00,4.8,87,0.2,6,40,19.3,Rain
QUEBEC INTL A,2023-05-03 09:00,5.1,88,0,7,34,19.3,Rain Showers
QUEBEC INTL A,2023-05-03 10:00,5.7,80,0,7,44,32.2,Cloudy
QUEBEC INTL A,2023-05-03 11:00,6.2,76,0,7,46,48.3,NA
QUEBEC INTL A,2023-05-03 12:00,6.2,73,0,7,47,48.3,NA
QUEBEC INTL A,2023-05-03 13:00,7.2,72,0,7,40,48.3,Cloudy
QUEBEC INTL A,2023-05-03 14:00,7.3,70,0,7,44,48.3,NA
QUEBEC INTL A,2023-05-03 15:00,7.6,70,0,6,44,48.3,NA
QUEBEC INTL A,2023-05-03 16:00,7,74,0,6,38,48.3,Rain
QUEBEC INTL A,2023-05-03 17:00,6.7,75,0,6,36,48.3,NA
QUEBEC INTL A,2023-05-03 18:00,6.4,78,0,7,33,40.2,NA
QUEBEC INTL A,2023-05-03 19:00,6.3,78,0,6,34,40.2,Mostly Cloudy
QUEBEC INTL A,2023-05-03 20:00,5.8,81,0,7,30,24.1,NA
QUEBEC INTL A,2023-05-03 21:00,5.9,79,0,7,29,24.1,NA
QUEBEC INTL A,2023-05-03 22:00,5.4,79,0,6,38,24.1,Cloudy
QUEBEC INTL A,2023-05-03 23:00,5.3,80,0,6,34,24.1,NA
QUEBEC INTL A,2023-05-04 00:00,4.7,87,0,6,34,19.3,Drizzle
QUEBEC INTL A,2023-05-04 01:00,4.8,87,0,6,23,24.1,Drizzle
QUEBEC INTL A,2023-05-04 02:00,4.7,88,0,6,28,19.3,Rain
QUEBEC INTL A,2023-05-04 03:00,4.6,89,0.1,7,26,12.9,Rain
QUEBEC INTL A,2023-05-04 04:00,4.7,92,0,7,22,11.3,Rain
QUEBEC INTL A,2023-05-04 05:00,4.7,93,0.5,6,22,8.1,"Rain,Fog"
QUEBEC INTL A,2023-05-04 06:00,5.1,93,0.6,7,24,19.3,Rain
QUEBEC INTL A,2023-05-04 07:00,5.9,89,0.2,6,25,48.3,Cloudy
QUEBEC INTL A,2023-05-04 08:00,6.6,84,0,8,30,48.3,NA
QUEBEC INTL A,2023-05-04 09:00,6.8,77,0,7,31,48.3,NA
QUEBEC INTL A,2023-05-04 10:00,8.3,72,0,6,28,48.3,Mostly Cloudy
QUEBEC INTL A,2023-05-04 11:00,9.6,71,0,8,22,48.3,NA
QUEBEC INTL A,2023-05-04 12:00,10.5,67,0,6,28,48.3,NA
QUEBEC INTL A,2023-05-04 13:00,11.1,68,0,9,25,48.3,Mainly Clear
QUEBEC INTL A,2023-05-04 14:00,11.8,67,0,8,26,48.3,NA
QUEBEC INTL A,2023-05-04 15:00,11.4,69,0,8,29,48.3,NA
QUEBEC INTL A,2023-05-04 16:00,10.3,73,0,8,35,48.3,Mainly Clear
QUEBEC INTL A,2023-05-04 17:00,10.1,75,0,8,24,48.3,NA
QUEBEC INTL A,2023-05-04 18:00,8.5,80,0,7,21,48.3,NA
QUEBEC INTL A,2023-05-04 19:00,8.2,80,0,9,17,48.3,Mostly Cloudy
QUEBEC INTL A,2023-05-04 20:00,7.1,84,0,7,12,24.1,NA
QUEBEC INTL A,2023-05-04 21:00,6.9,87,0,7,17,24.1,NA
QUEBEC INTL A,2023-05-04 22:00,6.9,87,0,8,22,24.1,Cloudy
QUEBEC INTL A,2023-05-04 23:00,6.6,89,0,7,16,24.1,NA
QUEBEC INTL A,2023-05-05 00:00,6.1,90,0,8,16,24.1,NA
QUEBEC INTL A,2023-05-05 01:00,5.6,92,0,6,17,24.1,Mostly Cloudy
QUEBEC INTL A,2023-05-05 02:00,5,93,0,5,12,24.1,NA
QUEBEC INTL A,2023-05-05 03:00,5.7,92,0,4,13,24.1,NA
QUEBEC INTL A,2023-05-05 04:00,4.9,94,0,5,10,24.1,Mostly Cloudy
QUEBEC INTL A,2023-05-05 05:00,5.4,94,0,4,8,24.1,NA
QUEBEC INTL A,2023-05-05 06:00,6.2,91,0,5,11,48.3,NA
QUEBEC INTL A,2023-05-05 07:00,7.6,82,0,7,10,56.3,Mostly Cloudy
QUEBEC INTL A,2023-05-05 08:00,9.1,74,0,6,7,48.3,NA
QUEBEC INTL A,2023-05-05 09:00,10.8,65,0,2,4,48.3,NA
QUEBEC INTL A,2023-05-05 10:00,12.5,59,0,12,7,48.3,Mainly Clear
QUEBEC INTL A,2023-05-05 11:00,14.2,54,0,9,9,48.3,NA
QUEBEC INTL A,2023-05-05 12:00,15.7,46,0,16,13,48.3,NA
QUEBEC INTL A,2023-05-05 13:00,15.9,46,0,23,6,48.3,Mainly Clear
QUEBEC INTL A,2023-05-05 14:00,16.9,47,0,21,9,48.3,NA
QUEBEC INTL A,2023-05-05 15:00,18.3,43,0,21,20,48.3,NA
QUEBEC INTL A,2023-05-05 16:00,18.6,40,0,21,22,48.3,Mainly Clear
QUEBEC INTL A,2023-05-05 17:00,18.8,30,0,25,7,48.3,NA
QUEBEC INTL A,2023-05-05 18:00,18.4,37,0,6,12,48.3,NA
QUEBEC INTL A,2023-05-05 19:00,14.1,52,0,5,3,48.3,Mostly Cloudy
QUEBEC INTL A,2023-05-05 20:00,12.9,52,0,32,4,24.1,NA
QUEBEC INTL A,2023-05-05 21:00,11.5,50,0,,0,24.1,NA
QUEBEC INTL A,2023-05-05 22:00,9.7,64,0,,0,24.1,Mostly Cloudy
QUEBEC INTL A,2023-05-05 23:00,10,57,0,12,3,24.1,NA
QUEBEC INTL A,2023-05-06 00:00,8.3,67,0,36,3,24.1,NA
QUEBEC INTL A,2023-05-06 01:00,8,67,0,,0,24.1,Mainly Clear
QUEBEC INTL A,2023-05-06 02:00,9.6,59,0,29,5,24.1,NA
QUEBEC INTL A,2023-05-06 03:00,9,60,0,21,3,24.1,NA
QUEBEC INTL A,2023-05-06 04:00,9.6,56,0,,0,48.3,Mainly Clear
QUEBEC INTL A,2023-05-06 05:00,9,60,0,36,3,48.3,NA
QUEBEC INTL A,2023-05-06 06:00,12.2,53,0,,0,48.3,NA
QUEBEC INTL A,2023-05-06 07:00,14.8,43,0,33,7,48.3,Mainly Clear
QUEBEC INTL A,2023-05-06 08:00,16.1,47,0,21,9,48.3,NA
QUEBEC INTL A,2023-05-06 09:00,17.9,45,0,22,16,48.3,NA
QUEBEC INTL A,2023-05-06 10:00,20.3,40,0,22,30,48.3,Mainly Clear
QUEBEC INTL A,2023-05-06 11:00,21.8,27,0,33,7,48.3,NA
QUEBEC INTL A,2023-05-06 12:00,23,24,0,31,14,48.3,NA
QUEBEC INTL A,2023-05-06 13:00,23.4,24,0,32,12,48.3,Mainly Clear
QUEBEC INTL A,2023-05-06 14:00,23.4,22,0,32,15,48.3,NA
QUEBEC INTL A,2023-05-06 15:00,24.5,21,0,30,14,48.3,NA
QUEBEC INTL A,2023-05-06 16:00,24.2,22,0,31,14,48.3,Mainly Clear
QUEBEC INTL A,2023-05-06 17:00,23.7,22,0,30,10,48.3,NA
QUEBEC INTL A,2023-05-06 18:00,21.4,25,0,29,8,48.3,NA
QUEBEC INTL A,2023-05-06 19:00,20.1,28,0,30,4,48.3,Mainly Clear
QUEBEC INTL A,2023-05-06 20:00,15.5,45,0,,0,24.1,NA
QUEBEC INTL A,2023-05-06 21:00,16.1,38,0,1,7,24.1,NA
QUEBEC INTL A,2023-05-06 22:00,13.3,47,0,33,3,24.1,Mainly Clear
QUEBEC INTL A,2023-05-06 23:00,14.2,43,0,1,5,24.1,NA
QUEBEC INTL A,2023-05-07 00:00,11.6,52,0,6,4,24.1,NA
QUEBEC INTL A,2023-05-07 01:00,9.7,60,0,8,3,24.1,Clear
QUEBEC INTL A,2023-05-07 02:00,9.5,58,0,12,3,24.1,NA
QUEBEC INTL A,2023-05-07 03:00,8.2,64,0,10,7,24.1,NA
QUEBEC INTL A,2023-05-07 04:00,7.7,65,0,11,4,48.3,Mainly Clear
QUEBEC INTL A,2023-05-07 05:00,7.8,67,0,29,5,48.3,NA
QUEBEC INTL A,2023-05-07 06:00,11.6,57,0,21,17,48.3,NA
QUEBEC INTL A,2023-05-07 07:00,13.9,52,0,22,14,48.3,Mainly Clear
QUEBEC INTL A,2023-05-07 08:00,16,36,0,28,18,48.3,NA
QUEBEC INTL A,2023-05-07 09:00,16.9,32,0,27,16,48.3,NA
QUEBEC INTL A,2023-05-07 10:00,18.1,28,0,28,18,48.3,Clear
QUEBEC INTL A,2023-05-07 11:00,19.1,28,0,28,21,48.3,NA
QUEBEC INTL A,2023-05-07 12:00,19.6,29,0,27,22,48.3,NA
QUEBEC INTL A,2023-05-07 13:00,20.4,26,0,24,20,48.3,Mainly Clear
QUEBEC INTL A,2023-05-07 14:00,20.8,23,0,30,19,48.3,NA
QUEBEC INTL A,2023-05-07 15:00,21.1,24,0,30,15,48.3,NA
QUEBEC INTL A,2023-05-07 16:00,20.9,25,0,31,15,48.3,Mostly Cloudy
QUEBEC INTL A,2023-05-07 17:00,20.2,25,0,30,16,48.3,NA
QUEBEC INTL A,2023-05-07 18:00,19.2,27,0,29,16,48.3,NA
QUEBEC INTL A,2023-05-07 19:00,16.9,31,0,29,9,48.3,Mostly Cloudy
QUEBEC INTL A,2023-05-07 20:00,15.2,34,0,29,7,24.1,NA
QUEBEC INTL A,2023-05-07 21:00,14.9,33,0,31,9,24.1,NA
QUEBEC INTL A,2023-05-07 22:00,13.3,42,0,,0,24.1,Mostly Cloudy
QUEBEC INTL A,2023-05-07 23:00,13.2,39,0,34,4,24.1,NA
QUEBEC INTL A,2023-05-08 00:00,12.6,40,0,35,8,24.1,NA
QUEBEC INTL A,2023-05-08 01:00,11.1,43,0,33,6,24.1,Mostly Cloudy
QUEBEC INTL A,2023-05-08 02:00,9.1,47,0,34,7,24.1,NA
QUEBEC INTL A,2023-05-08 03:00,8.1,47,0,35,5,24.1,NA
QUEBEC INTL A,2023-05-08 04:00,6.8,50,0,33,4,24.1,Clear
QUEBEC INTL A,2023-05-08 05:00,6.5,51,0,31,4,48.3,NA
QUEBEC INTL A,2023-05-08 06:00,7.8,47,0,33,9,40.2,NA
QUEBEC INTL A,2023-05-08 07:00,8.2,40,0,1,21,40.2,Mainly Clear
QUEBEC INTL A,2023-05-08 08:00,8.7,37,0,33,15,40.2,NA
QUEBEC INTL A,2023-05-08 09:00,9.7,34,0,35,10,40.2,NA
QUEBEC INTL A,2023-05-08 10:00,10.4,28,0,34,13,40.2,Mostly Cloudy
QUEBEC INTL A,2023-05-08 11:00,12.4,29,0,36,14,48.3,NA
QUEBEC INTL A,2023-05-08 12:00,12.3,27,0,1,17,40.2,NA
QUEBEC INTL A,2023-05-08 13:00,13.3,26,0,30,19,40.2,Mostly Cloudy
QUEBEC INTL A,2023-05-08 14:00,13.3,27,0,36,18,40.2,NA
QUEBEC INTL A,2023-05-08 15:00,13.2,25,0,32,16,40.2,NA
QUEBEC INTL A,2023-05-08 16:00,13.2,24,0,34,16,48.3,Mostly Cloudy
QUEBEC INTL A,2023-05-08 17:00,13.1,25,0,34,11,48.3,NA
QUEBEC INTL A,2023-05-08 18:00,11.4,25,0,33,14,48.3,NA
QUEBEC INTL A,2023-05-08 19:00,10.1,27,0,1,15,48.3,Mainly Clear
QUEBEC INTL A,2023-05-08 20:00,8.4,31,0,1,5,24.1,NA
QUEBEC INTL A,2023-05-08 21:00,7.7,34,0,1,7,24.1,NA
QUEBEC INTL A,2023-05-08 22:00,5.9,40,0,36,3,24.1,Mainly Clear
QUEBEC INTL A,2023-05-08 23:00,4.2,46,0,33,5,24.1,NA
QUEBEC INTL A,2023-05-09 00:00,2.5,57,0,30,5,24.1,NA
QUEBEC INTL A,2023-05-09 01:00,3.1,56,0,35,5,24.1,Mainly Clear
QUEBEC INTL A,2023-05-09 02:00,1.2,64,0,10,4,24.1,NA
QUEBEC INTL A,2023-05-09 03:00,1.1,63,0,7,4,24.1,NA
QUEBEC INTL A,2023-05-09 04:00,0.4,70,0,7,4,48.3,Clear
QUEBEC INTL A,2023-05-09 05:00,1,67,0,35,8,48.3,NA
QUEBEC INTL A,2023-05-09 06:00,4,65,0,28,4,48.3,NA
QUEBEC INTL A,2023-05-09 07:00,7,47,0,35,7,48.3,Clear
QUEBEC INTL A,2023-05-09 08:00,8.2,40,0,36,3,48.3,NA
QUEBEC INTL A,2023-05-09 09:00,10.1,30,0,33,12,48.3,NA
QUEBEC INTL A,2023-05-09 10:00,10,32,0,25,13,48.3,Mainly Clear
QUEBEC INTL A,2023-05-09 11:00,12,24,0,29,6,48.3,NA
QUEBEC INTL A,2023-05-09 12:00,11.8,24,0,,0,48.3,NA
QUEBEC INTL A,2023-05-09 13:00,,,0,,,,
QUEBEC INTL A,2023-05-09 14:00,14.5,22,0,33,12,48.3,NA
QUEBEC INTL A,2023-05-09 15:00,14.4,21,0,31,13,48.3,NA
QUEBEC INTL A,2023-05-09 16:00,14.9,22,0,31,9,48.3,Mainly Clear
QUEBEC INTL A,2023-05-09 17:00,14.3,22,0,31,8,48.3,NA
QUEBEC INTL A,2023-05-09 18:00,13.7,21,0,28,9,48.3,NA
QUEBEC INTL A,2023-05-09 19:00,10.8,29,0,30,7,48.3,Clear
QUEBEC INTL A,2023-05-09 20:00,8.7,34,0,26,8,24.1,NA
QUEBEC INTL A,2023-05-09 21:00,5.5,45,0,28,3,24.1,NA
QUEBEC INTL A,2023-05-09 22:00,5.4,45,0,29,5,24.1,Mainly Clear
QUEBEC INTL A,2023-05-09 23:00,4.3,47,0,,0,24.1,NA
QUEBEC INTL A,2023-05-10 00:00,3.2,58,0,10,8,24.1,NA
QUEBEC INTL A,2023-05-10 01:00,4.7,49,0,6,7,24.1,Mostly Cloudy
QUEBEC INTL A,2023-05-10 02:00,3.5,56,0,9,4,24.1,NA
QUEBEC INTL A,2023-05-10 03:00,3.2,73,0,4,4,24.1,NA
QUEBEC INTL A,2023-05-10 04:00,3.5,59,0,,0,32.2,Mostly Cloudy
QUEBEC INTL A,2023-05-10 05:00,2.4,77,0,27,5,32.2,NA
QUEBEC INTL A,2023-05-10 06:00,4.9,58,0,25,13,40.2,NA
QUEBEC INTL A,2023-05-10 07:00,7.6,47,0,24,24,40.2,Mostly Cloudy
QUEBEC INTL A,2023-05-10 08:00,10.5,43,0,25,18,40.2,NA
QUEBEC INTL A,2023-05-10 09:00,14,38,0,24,12,40.2,NA
QUEBEC INTL A,2023-05-10 10:00,15.1,35,0,21,27,40.2,Mainly Clear
QUEBEC INTL A,2023-05-10 11:00,18.1,23,0,27,23,48.3,NA
QUEBEC INTL A,2023-05-10 12:00,19.7,23,0,27,26,40.2,NA
QUEBEC INTL A,2023-05-10 13:00,21.1,23,0,27,23,40.2,Mostly Cloudy
QUEBEC INTL A,2023-05-10 14:00,21.3,20,0,29,15,40.2,NA
QUEBEC INTL A,2023-05-10 15:00,21.9,21,0,29,16,48.3,NA
QUEBEC INTL A,2023-05-10 16:00,22.3,20,0,31,14,48.3,Mainly Clear
QUEBEC INTL A,2023-05-10 17:00,21.9,22,0,29,10,48.3,NA
QUEBEC INTL A,2023-05-10 18:00,20.8,23,0,29,9,48.3,NA
QUEBEC INTL A,2023-05-10 19:00,19.5,25,0,31,8,48.3,Mainly Clear
QUEBEC INTL A,2023-05-10 20:00,15.6,34,0,,0,24.1,NA
QUEBEC INTL A,2023-05-10 21:00,15.3,36,0,28,5,24.1,NA
QUEBEC INTL A,2023-05-10 22:00,11.6,48,0,31,5,24.1,Clear
QUEBEC INTL A,2023-05-10 23:00,13.1,41,0,36,7,24.1,NA
QUEBEC INTL A,2023-05-11 00:00,10.1,55,0,36,3,24.1,NA
QUEBEC INTL A,2023-05-11 01:00,6.5,76,0,33,6,24.1,Clear
QUEBEC INTL A,2023-05-11 02:00,7.1,70,0,7,4,24.1,NA
QUEBEC INTL A,2023-05-11 03:00,5.4,76,0,5,7,24.1,NA
QUEBEC INTL A,2023-05-11 04:00,6.5,69,0,36,3,48.3,Mainly Clear
QUEBEC INTL A,2023-05-11 05:00,3.9,84,0,17,3,48.3,NA
QUEBEC INTL A,2023-05-11 06:00,7.1,75,0,36,3,48.3,NA
QUEBEC INTL A,2023-05-11 07:00,10.9,62,0,24,9,48.3,Clear
QUEBEC INTL A,2023-05-11 08:00,14.5,51,0,23,12,48.3,NA
QUEBEC INTL A,2023-05-11 09:00,17.2,47,0,21,16,48.3,NA
QUEBEC INTL A,2023-05-11 10:00,19,43,0,19,13,48.3,Mainly Clear
QUEBEC INTL A,2023-05-11 11:00,20.7,27,0,28,17,48.3,NA
QUEBEC INTL A,2023-05-11 12:00,21.6,26,0,27,20,48.3,NA
QUEBEC INTL A,2023-05-11 13:00,21.8,23,0,33,7,48.3,Mainly Clear
QUEBEC INTL A,2023-05-11 14:00,22.8,25,0,27,14,48.3,NA
QUEBEC INTL A,2023-05-11 15:00,23.5,23,0,27,6,48.3,NA
QUEBEC INTL A,2023-05-11 16:00,23.7,25,0,22,17,48.3,Mainly Clear
QUEBEC INTL A,2023-05-11 17:00,23.2,28,0,26,17,48.3,NA
QUEBEC INTL A,2023-05-11 18:00,21.1,30,0,23,10,48.3,NA
QUEBEC INTL A,2023-05-11 19:00,19.2,32,0,23,6,48.3,Mostly Cloudy
QUEBEC INTL A,2023-05-11 20:00,15.9,46,0,26,5,24.1,NA
QUEBEC INTL A,2023-05-11 21:00,14.5,50,0,26,11,24.1,NA
QUEBEC INTL A,2023-05-11 22:00,12.4,60,0,4,5,24.1,Mostly Cloudy
QUEBEC INTL A,2023-05-11 23:00,13.4,55,0,36,4,24.1,NA
QUEBEC INTL A,2023-05-12 00:00,12.8,57,0,4,7,24.1,NA
QUEBEC INTL A,2023-05-12 01:00,11.3,64,0,36,4,24.1,Mostly Cloudy
QUEBEC INTL A,2023-05-12 02:00,11.5,66,0,1,5,24.1,NA
QUEBEC INTL A,2023-05-12 03:00,12.7,57,0,36,7,24.1,NA
QUEBEC INTL A,2023-05-12 04:00,12,61,0,16,7,40.2,Cloudy
QUEBEC INTL A,2023-05-12 05:00,11.4,68,0,,0,48.3,NA
QUEBEC INTL A,2023-05-12 06:00,11.9,68,0,,0,48.3,NA
QUEBEC INTL A,2023-05-12 07:00,13.2,70,0,36,3,48.3,Rain Showers
QUEBEC INTL A,2023-05-12 08:00,14.9,68,0,23,9,48.3,NA
QUEBEC INTL A,2023-05-12 09:00,17.2,69,0,23,18,48.3,NA
QUEBEC INTL A,2023-05-12 10:00,17.1,67,0,24,24,48.3,Mostly Cloudy
QUEBEC INTL A,2023-05-12 11:00,17.6,75,0,24,15,32.2,NA
QUEBEC INTL A,2023-05-12 12:00,20,59,0,23,22,48.3,NA
QUEBEC INTL A,2023-05-12 13:00,21,66,0,25,18,48.3,Mostly Cloudy
QUEBEC INTL A,2023-05-12 14:00,20.4,61,0,23,17,48.3,NA
QUEBEC INTL A,2023-05-12 15:00,22.5,45,0,28,19,48.3,NA
QUEBEC INTL A,2023-05-12 16:00,22.7,37,0,28,18,48.3,Cloudy
QUEBEC INTL A,2023-05-12 17:00,21.8,37,0,27,22,48.3,NA
QUEBEC INTL A,2023-05-12 18:00,20.9,41,0,27,13,48.3,NA
QUEBEC INTL A,2023-05-12 19:00,18.8,50,0,26,8,48.3,Cloudy
QUEBEC INTL A,2023-05-12 20:00,17.9,54,0,32,9,24.1,NA
QUEBEC INTL A,2023-05-12 21:00,16.9,55,0,32,8,24.1,NA
QUEBEC INTL A,2023-05-12 22:00,14.8,66,0,36,3,24.1,Mainly Clear
QUEBEC INTL A,2023-05-12 23:00,12.9,73,0,26,7,24.1,NA
QUEBEC INTL A,2023-05-13 00:00,3,80,0,32,3,24.1,NA
QUEBEC INTL A,2023-05-13 01:00,2,86,0,35,3,24.1,Clear
QUEBEC INTL A,2023-05-13 02:00,1,88,0,36,3,24.1,NA
QUEBEC INTL A,2023-05-13 03:00,0,96,0,,4,24.1,NA
QUEBEC INTL A,2023-05-13 04:00,0,96,0,27,3,48.3,Mainly Clear
QUEBEC INTL A,2023-05-13 05:00,0,99,0,25,2,48.3,NA
QUEBEC INTL A,2023-05-13 06:00,1,96,0,25,3,48.3,NA
QUEBEC INTL A,2023-05-13 07:00,7,65,0,24,3,48.3,Mainly Clear
QUEBEC INTL A,2023-05-13 08:00,10,51,0,26,3,48.3,NA
QUEBEC INTL A,2023-05-13 09:00,13,38,0,27,7,48.3,NA
QUEBEC INTL A,2023-05-13 10:00,15,29,0,28,5,48.3,Rain Showers
QUEBEC INTL A,2023-05-13 11:00,16,28,0,28,7,48.3,NA
QUEBEC INTL A,2023-05-13 12:00,18,26,0,28,7,48.3,NA
QUEBEC INTL A,2023-05-13 13:00,18,22,0,33,13,48.3,Rain Showers
QUEBEC INTL A,2023-05-13 14:00,20,22,0,30,5,48.3,NA
QUEBEC INTL A,2023-05-13 15:00,20,19,0,30,13,48.3,NA
QUEBEC INTL A,2023-05-13 16:00,21,18,0,31,10,48.3,Mainly Clear
QUEBEC INTL A,2023-05-13 17:00,21,19,0,32,7,48.3,NA
QUEBEC INTL A,2023-05-13 18:00,20,21,0,34,6,48.3,NA
QUEBEC INTL A,2023-05-13 19:00,19,26,0,30,4,48.3,Mostly Cloudy
QUEBEC INTL A,2023-05-13 20:00,15,44,0,30,4,24.1,NA
QUEBEC INTL A,2023-05-13 21:00,12,51,0,30,1,24.1,NA
QUEBEC INTL A,2023-05-13 22:00,10,57,0,30,2,24.1,Mostly Cloudy
QUEBEC INTL A,2023-05-13 23:00,9,64,0,30,2,24.1,NA
QUEBEC INTL A,2023-05-14 00:00,7.6,49,0,29,11,24.1,NA
QUEBEC INTL A,2023-05-14 01:00,7.1,52,0,29,8,24.1,Mostly Cloudy
QUEBEC INTL A,2023-05-14 02:00,6.4,56,0,27,8,24.1,NA
QUEBEC INTL A,2023-05-14 03:00,6.1,58,0,28,10,24.1,NA
QUEBEC INTL A,2023-05-14 04:00,6.1,59,0,33,13,48.3,Mainly Clear
QUEBEC INTL A,2023-05-14 05:00,6.1,57,0,29,9,48.3,NA
QUEBEC INTL A,2023-05-14 06:00,7.4,51,0,32,13,48.3,NA
QUEBEC INTL A,2023-05-14 07:00,8.1,47,0,33,17,48.3,Mainly Clear
QUEBEC INTL A,2023-05-14 08:00,9,42,0,33,21,48.3,NA
QUEBEC INTL A,2023-05-14 09:00,11,36,0,35,16,48.3,NA
QUEBEC INTL A,2023-05-14 10:00,12,28,0,30,15,48.3,Clear
QUEBEC INTL A,2023-05-14 11:00,14.2,26,0,30,13,48.3,NA
QUEBEC INTL A,2023-05-14 12:00,14.7,22,0,32,18,48.3,NA
QUEBEC INTL A,2023-05-14 13:00,15.9,21,0,34,13,48.3,Mainly Clear
QUEBEC INTL A,2023-05-14 14:00,16.2,20,0,1,17,48.3,NA
QUEBEC INTL A,2023-05-14 15:00,16.9,20,0,29,19,48.3,NA
QUEBEC INTL A,2023-05-14 16:00,17.2,20,0,36,14,48.3,Clear
QUEBEC INTL A,2023-05-14 17:00,16.8,21,0,34,12,48.3,NA
QUEBEC INTL A,2023-05-14 18:00,15.9,22,0,36,10,48.3,NA
QUEBEC INTL A,2023-05-14 19:00,14.3,27,0,34,4,48.3,Clear
QUEBEC INTL A,2023-05-14 20:00,9.9,40,0,27,6,24.1,NA
QUEBEC INTL A,2023-05-14 21:00,10.1,39,0,26,8,24.1,NA
QUEBEC INTL A,2023-05-14 22:00,9.2,43,0,28,8,24.1,Clear
QUEBEC INTL A,2023-05-14 23:00,8,47,0,24,13,24.1,NA
QUEBEC INTL A,2023-05-15 00:00,8.9,47,0,22,14,24.1,NA
QUEBEC INTL A,2023-05-15 01:00,8.3,55,0,24,16,24.1,Mainly Clear
QUEBEC INTL A,2023-05-15 02:00,8.9,57,0,23,17,24.1,NA
QUEBEC INTL A,2023-05-15 03:00,9.2,58,0,24,19,24.1,NA
QUEBEC INTL A,2023-05-15 04:00,7.8,63,0,26,16,48.3,Cloudy
QUEBEC INTL A,2023-05-15 05:00,7.9,62,0,25,17,48.3,NA
QUEBEC INTL A,2023-05-15 06:00,8.3,62,0,24,15,48.3,NA
QUEBEC INTL A,2023-05-15 07:00,10.4,54,0,24,18,48.3,Mostly Cloudy
QUEBEC INTL A,2023-05-15 08:00,11.9,52,0,25,29,48.3,NA
QUEBEC INTL A,2023-05-15 09:00,13.9,46,0,25,31,48.3,NA
QUEBEC INTL A,2023-05-15 10:00,13.8,48,0,25,35,48.3,Mostly Cloudy
QUEBEC INTL A,2023-05-15 11:00,15.5,46,0,25,36,48.3,NA
QUEBEC INTL A,2023-05-15 12:00,14.2,48,0,26,27,48.3,NA
QUEBEC INTL A,2023-05-15 13:00,16.5,42,0,26,29,48.3,Cloudy
QUEBEC INTL A,2023-05-15 14:00,16.8,41,0,25,37,48.3,NA
QUEBEC INTL A,2023-05-15 15:00,17.1,42,0,26,25,24.1,Rain Showers
QUEBEC INTL A,2023-05-15 16:00,17.8,34,0,28,21,48.3,Mostly Cloudy
QUEBEC INTL A,2023-05-15 17:00,16.8,40,0,27,25,48.3,NA
QUEBEC INTL A,2023-05-15 18:00,15.5,49,0,26,28,48.3,NA
QUEBEC INTL A,2023-05-15 19:00,15.6,48,0,27,19,48.3,Mostly Cloudy
QUEBEC INTL A,2023-05-15 20:00,15.2,49,0,29,11,24.1,NA
QUEBEC INTL A,2023-05-15 21:00,14.7,52,0,28,14,24.1,NA
QUEBEC INTL A,2023-05-15 22:00,14.2,57,0,28,13,24.1,Cloudy
QUEBEC INTL A,2023-05-15 23:00,13.7,61,0,27,15,24.1,NA
QUEBEC INTL A,2023-05-16 00:00,12.5,67,0,26,10,24.1,NA
QUEBEC INTL A,2023-05-16 01:00,11,75,0,21,5,24.1,Cloudy
QUEBEC INTL A,2023-05-16 02:00,11.3,74,0,36,3,24.1,NA
QUEBEC INTL A,2023-05-16 03:00,11.7,67,0,31,3,24.1,NA
QUEBEC INTL A,2023-05-16 04:00,10.9,62,0,35,5,48.3,Cloudy
QUEBEC INTL A,2023-05-16 05:00,10.4,63,0,32,5,48.3,NA
QUEBEC INTL A,2023-05-16 06:00,10.3,60,0,28,8,40.2,NA
QUEBEC INTL A,2023-05-16 07:00,10.5,59,0,29,7,40.2,Cloudy
QUEBEC INTL A,2023-05-16 08:00,10.5,55,0,30,8,40.2,NA
QUEBEC INTL A,2023-05-16 09:00,10.8,52,0,30,5,24.1,NA
QUEBEC INTL A,2023-05-16 10:00,10.8,46,0,30,11,24.1,Cloudy
QUEBEC INTL A,2023-05-16 11:00,9,61,0,30,5,12.9,Rain
QUEBEC INTL A,2023-05-16 12:00,6.7,84,1,1,9,16.1,Rain
QUEBEC INTL A,2023-05-16 13:00,6.4,75,0.9,21,8,19.3,Rain
QUEBEC INTL A,2023-05-16 14:00,6.5,73,0,19,3,19.3,Rain
QUEBEC INTL A,2023-05-16 15:00,6,87,0.4,22,10,16.1,Rain
QUEBEC INTL A,2023-05-16 16:00,6.1,88,0.7,26,12,32.2,Rain
QUEBEC INTL A,2023-05-16 17:00,6,90,0,23,12,48.3,NA
QUEBEC INTL A,2023-05-16 18:00,6.2,90,0,25,14,48.3,NA
QUEBEC INTL A,2023-05-16 19:00,5.7,68,0,29,4,48.3,Mostly Cloudy
QUEBEC INTL A,2023-05-16 20:00,3.6,67,0,27,4,24.1,NA
QUEBEC INTL A,2023-05-16 21:00,1.7,81,0,25,9,24.1,NA
QUEBEC INTL A,2023-05-16 22:00,0.1,90,0,30,4,24.1,Clear
QUEBEC INTL A,2023-05-16 23:00,2.2,65,0,34,10,24.1,NA
QUEBEC INTL A,2023-05-17 00:00,2.3,58,0,36,10,24.1,NA
QUEBEC INTL A,2023-05-17 01:00,1.7,59,0,35,8,24.1,Mostly Cloudy
QUEBEC INTL A,2023-05-17 02:00,2,52,0,36,3,24.1,NA
QUEBEC INTL A,2023-05-17 03:00,1,56,0,36,3,24.1,NA
QUEBEC INTL A,2023-05-17 04:00,0.5,62,0,30,3,48.3,Cloudy
QUEBEC INTL A,2023-05-17 05:00,1.3,59,0,31,6,48.3,NA
QUEBEC INTL A,2023-05-17 06:00,2.1,54,0,32,13,40.2,NA
QUEBEC INTL A,2023-05-17 07:00,2.5,52,0,32,9,40.2,Mostly Cloudy
QUEBEC INTL A,2023-05-17 08:00,4,45,0,32,18,32.2,NA
QUEBEC INTL A,2023-05-17 09:00,5.6,36,0,33,17,24.1,NA
QUEBEC INTL A,2023-05-17 10:00,5.5,35,0,31,20,32.2,Mostly Cloudy
QUEBEC INTL A,2023-05-17 11:00,5.9,35,0,34,8,32.2,NA
QUEBEC INTL A,2023-05-17 12:00,6.7,37,0,30,18,24.1,NA
QUEBEC INTL A,2023-05-17 13:00,6.7,32,0,34,14,24.1,Mostly Cloudy
QUEBEC INTL A,2023-05-17 14:00,6.3,39,0,33,15,24.1,NA
QUEBEC INTL A,2023-05-17 15:00,6.1,40,0,30,13,24.1,NA
QUEBEC INTL A,2023-05-17 16:00,7.2,34,0,32,12,32.2,Mostly Cloudy
QUEBEC INTL A,2023-05-17 17:00,6.2,44,0,32,20,32.2,NA
QUEBEC INTL A,2023-05-17 18:00,5.7,43,0,30,14,40.2,NA
QUEBEC INTL A,2023-05-17 19:00,4.1,49,0,28,9,40.2,Mainly Clear
QUEBEC INTL A,2023-05-17 20:00,2.6,59,0,28,7,24.1,NA
QUEBEC INTL A,2023-05-17 21:00,0.4,72,0,25,10,24.1,NA
QUEBEC INTL A,2023-05-17 22:00,0.3,71,0,27,8,24.1,Clear
QUEBEC INTL A,2023-05-17 23:00,1.7,59,0,31,9,24.1,NA
QUEBEC INTL A,2023-05-18 00:00,1,56,0,28,9,24.1,NA
QUEBEC INTL A,2023-05-18 01:00,0.8,55,0,30,7,24.1,Clear
QUEBEC INTL A,2023-05-18 02:00,0.7,54,0,28,7,24.1,NA
QUEBEC INTL A,2023-05-18 03:00,-0.5,66,0,28,8,24.1,NA
QUEBEC INTL A,2023-05-18 04:00,-0.8,71,0,27,8,48.3,Mostly Cloudy
QUEBEC INTL A,2023-05-18 05:00,1.3,59,0,28,5,48.3,NA
QUEBEC INTL A,2023-05-18 06:00,2.8,52,0,30,9,48.3,NA
QUEBEC INTL A,2023-05-18 07:00,3.3,51,0,34,10,48.3,Mostly Cloudy
QUEBEC INTL A,2023-05-18 08:00,3.8,46,0,29,6,48.3,NA
QUEBEC INTL A,2023-05-18 09:00,5.2,44,0,28,5,48.3,NA
QUEBEC INTL A,2023-05-18 10:00,7.3,41,0,24,20,48.3,Mainly Clear
QUEBEC INTL A,2023-05-18 11:00,8.1,45,0,20,28,48.3,NA
QUEBEC INTL A,2023-05-18 12:00,9.4,41,0,22,34,48.3,NA
QUEBEC INTL A,2023-05-18 13:00,10.8,38,0,23,30,48.3,Clear
QUEBEC INTL A,2023-05-18 14:00,11.7,38,0,22,32,48.3,NA
QUEBEC INTL A,2023-05-18 15:00,12.2,38,0,22,32,48.3,NA
QUEBEC INTL A,2023-05-18 16:00,12.4,35,0,22,33,48.3,Clear
QUEBEC INTL A,2023-05-18 17:00,12.7,34,0,23,23,48.3,NA
QUEBEC INTL A,2023-05-18 18:00,12.3,33,0,23,18,48.3,NA
QUEBEC INTL A,2023-05-18 19:00,10.1,44,0,24,12,48.3,Mainly Clear
QUEBEC INTL A,2023-05-18 20:00,8.2,53,0,24,6,24.1,NA
QUEBEC INTL A,2023-05-18 21:00,6.5,59,0,27,4,24.1,NA
QUEBEC INTL A,2023-05-18 22:00,5.7,64,0,23,3,24.1,Clear
QUEBEC INTL A,2023-05-18 23:00,4.5,69,0,22,4,24.1,NA
QUEBEC INTL A,2023-05-19 00:00,3.3,80,0,,0,24.1,NA
QUEBEC INTL A,2023-05-19 01:00,2.2,85,0,,0,24.1,Mainly Clear
QUEBEC INTL A,2023-05-19 02:00,1.7,85,0,,0,24.1,NA
QUEBEC INTL A,2023-05-19 03:00,0.5,89,0,,0,24.1,NA
QUEBEC INTL A,2023-05-19 04:00,1.1,85,0,,0,48.3,Mainly Clear
QUEBEC INTL A,2023-05-19 05:00,1.6,86,0,,0,48.3,NA
QUEBEC INTL A,2023-05-19 06:00,2.7,88,0,,0,48.3,NA
QUEBEC INTL A,2023-05-19 07:00,6.7,61,0,36,3,48.3,Cloudy
QUEBEC INTL A,2023-05-19 08:00,9.7,48,0,,0,48.3,NA
QUEBEC INTL A,2023-05-19 09:00,12.5,45,0,23,15,48.3,NA
QUEBEC INTL A,2023-05-19 10:00,14.6,45,0,26,12,48.3,Cloudy
QUEBEC INTL A,2023-05-19 11:00,16.4,43,0,24,7,48.3,NA
QUEBEC INTL A,2023-05-19 12:00,19.6,42,0,24,21,32.2,NA
QUEBEC INTL A,2023-05-19 13:00,21.2,38,0,21,24,48.3,Cloudy
QUEBEC INTL A,2023-05-19 14:00,22.4,33,0,22,23,48.3,NA
QUEBEC INTL A,2023-05-19 15:00,23.1,31,0,23,29,48.3,NA
QUEBEC INTL A,2023-05-19 16:00,22.7,27,0,22,31,48.3,Mostly Cloudy
QUEBEC INTL A,2023-05-19 17:00,21.6,31,0,23,18,48.3,NA
QUEBEC INTL A,2023-05-19 18:00,20.9,34,0,23,14,48.3,NA
QUEBEC INTL A,2023-05-19 19:00,18.9,41,0,25,10,48.3,Cloudy
QUEBEC INTL A,2023-05-19 20:00,17,52,0,27,4,24.1,NA
QUEBEC INTL A,2023-05-19 21:00,17,52,0,22,8,24.1,NA
QUEBEC INTL A,2023-05-19 22:00,16.9,62,0,25,12,24.1,Mostly Cloudy
QUEBEC INTL A,2023-05-19 23:00,17.4,64,0,25,17,24.1,NA
QUEBEC INTL A,2023-05-20 00:00,16.9,67,0,24,11,24.1,NA
QUEBEC INTL A,2023-05-20 01:00,16.4,70,0,25,12,24.1,Cloudy
QUEBEC INTL A,2023-05-20 02:00,15.5,74,0,22,7,24.1,NA
QUEBEC INTL A,2023-05-20 03:00,15.3,79,0,24,8,24.1,Rain Showers
QUEBEC INTL A,2023-05-20 04:00,13.9,92,0,,0,24.1,Cloudy
QUEBEC INTL A,2023-05-20 05:00,14.1,88,0,27,4,19.3,Rain Showers
QUEBEC INTL A,2023-05-20 06:00,13.9,96,0,1,3,24.1,NA
QUEBEC INTL A,2023-05-20 07:00,15.8,86,0,7,6,24.1,Mostly Cloudy
QUEBEC INTL A,2023-05-20 08:00,17.4,70,0,14,5,32.2,NA
QUEBEC INTL A,2023-05-20 09:00,17.1,67,0,,0,32.2,NA
QUEBEC INTL A,2023-05-20 10:00,17.1,71,0,7,5,32.2,Cloudy
QUEBEC INTL A,2023-05-20 11:00,16.9,76,0,10,9,32.2,NA
QUEBEC INTL A,2023-05-20 12:00,17.3,73,0,5,12,32.2,NA
QUEBEC INTL A,2023-05-20 13:00,18.3,69,0,7,11,32.2,Cloudy
QUEBEC INTL A,2023-05-20 14:00,19.2,63,0,8,13,32.2,NA
QUEBEC INTL A,2023-05-20 15:00,20.3,61,0,4,12,32.2,NA
QUEBEC INTL A,2023-05-20 16:00,20.6,63,0,8,12,32.2,Mostly Cloudy
QUEBEC INTL A,2023-05-20 17:00,20.8,62,0,8,16,32.2,NA
QUEBEC INTL A,2023-05-20 18:00,18.7,67,0,7,16,32.2,NA
QUEBEC INTL A,2023-05-20 19:00,16.3,71,0,7,18,32.2,Cloudy
QUEBEC INTL A,2023-05-20 20:00,15.4,75,0,6,12,24.1,NA
QUEBEC INTL A,2023-05-20 21:00,14.3,87,0,3,12,11.3,Rain Showers
QUEBEC INTL A,2023-05-20 22:00,14.6,89,0.2,6,14,24.1,Cloudy
QUEBEC INTL A,2023-05-20 23:00,13.5,94,1,6,17,12.9,Rain Showers
QUEBEC INTL A,2023-05-21 00:00,13.3,98,2.4,7,15,2.4,"Moderate Rain Showers,Fog"
QUEBEC INTL A,2023-05-21 01:00,13.4,98,1.3,9,13,4.8,"Rain,Fog"
QUEBEC INTL A,2023-05-21 02:00,13.5,98,7.2,10,8,2,"Moderate Rain,Fog"
QUEBEC INTL A,2023-05-21 03:00,13.4,99,3.1,8,9,2,"Moderate Rain,Fog"
QUEBEC INTL A,2023-05-21 04:00,14.1,98,1.1,24,26,6.4,"Rain,Fog"
QUEBEC INTL A,2023-05-21 05:00,13.9,93,0,23,24,24.1,NA
QUEBEC INTL A,2023-05-21 06:00,13.9,87,0,24,30,32.2,NA
QUEBEC INTL A,2023-05-21 07:00,13.9,88,0,23,36,32.2,Cloudy
QUEBEC INTL A,2023-05-21 08:00,12.3,95,2.8,23,37,4,Moderate Rain Showers
QUEBEC INTL A,2023-05-21 09:00,12.3,94,2.1,24,27,8.1,"Rain Showers,Fog"
QUEBEC INTL A,2023-05-21 10:00,14.6,76,1.9,1,14,24.1,Rain
QUEBEC INTL A,2023-05-21 11:00,15.3,71,0,26,10,16.1,NA
QUEBEC INTL A,2023-05-21 12:00,17.2,74,0,24,22,19.3,NA
QUEBEC INTL A,2023-05-21 13:00,19.7,62,0,26,22,40.2,Mostly Cloudy
QUEBEC INTL A,2023-05-21 14:00,20.2,46,0,28,16,40.2,NA
QUEBEC INTL A,2023-05-21 15:00,19.7,43,0,27,15,40.2,NA
QUEBEC INTL A,2023-05-21 16:00,18.9,39,0,28,17,48.3,Mainly Clear
QUEBEC INTL A,2023-05-21 17:00,18.1,31,0,30,9,48.3,NA
QUEBEC INTL A,2023-05-21 18:00,16.5,34,0,31,13,48.3,NA
QUEBEC INTL A,2023-05-21 19:00,14.2,36,0,33,10,48.3,Mainly Clear
QUEBEC INTL A,2023-05-21 20:00,11.9,40,0,35,6,40.2,NA
QUEBEC INTL A,2023-05-21 21:00,9.7,46,0,1,13,24.1,NA
QUEBEC INTL A,2023-05-21 22:00,7.7,49,0,1,12,24.1,Clear
QUEBEC INTL A,2023-05-21 23:00,5.7,56,0,33,5,24.1,NA
QUEBEC INTL A,2023-05-22 00:00,3.9,61,0,9,7,24.1,NA
QUEBEC INTL A,2023-05-22 01:00,3.4,59,0,3,3,24.1,Clear
QUEBEC INTL A,2023-05-22 02:00,1.9,67,0,35,7,24.1,NA
QUEBEC INTL A,2023-05-22 03:00,1.4,68,0,2,7,24.1,NA
QUEBEC INTL A,2023-05-22 04:00,1.1,68,0,1,7,48.3,Clear
QUEBEC INTL A,2023-05-22 05:00,1.4,68,0,2,8,48.3,NA
QUEBEC INTL A,2023-05-22 06:00,3.4,63,0,4,6,48.3,NA
QUEBEC INTL A,2023-05-22 07:00,5,57,0,6,14,48.3,Mainly Clear
QUEBEC INTL A,2023-05-22 08:00,5.9,49,0,7,18,48.3,NA
QUEBEC INTL A,2023-05-22 09:00,6.4,43,0,36,5,48.3,NA
QUEBEC INTL A,2023-05-22 10:00,7.2,42,0,,0,48.3,Mainly Clear
QUEBEC INTL A,2023-05-22 11:00,8.8,42,0,7,4,48.3,NA
QUEBEC INTL A,2023-05-22 12:00,10.4,38,0,35,3,48.3,NA
QUEBEC INTL A,2023-05-22 13:00,11.7,37,0,21,12,48.3,Clear
QUEBEC INTL A,2023-05-22 14:00,12.2,31,0,22,10,48.3,NA
QUEBEC INTL A,2023-05-22 15:00,12.9,24,0,20,12,48.3,NA
QUEBEC INTL A,2023-05-22 16:00,13.4,23,0,24,8,48.3,Clear
QUEBEC INTL A,2023-05-22 17:00,13.6,26,0,21,10,48.3,NA
QUEBEC INTL A,2023-05-22 18:00,13.2,27,0,22,7,48.3,NA
QUEBEC INTL A,2023-05-22 19:00,10.3,48,0,25,4,48.3,Clear
QUEBEC INTL A,2023-05-22 20:00,7.7,66,0,31,9,24.1,NA
QUEBEC INTL A,2023-05-22 21:00,6.4,61,0,35,9,24.1,NA
QUEBEC INTL A,2023-05-22 22:00,7,60,0,1,8,24.1,Clear
QUEBEC INTL A,2023-05-22 23:00,6,64,0,3,7,24.1,NA
QUEBEC INTL A,2023-05-23 00:00,12,68,0,36,13,24.1,NA
QUEBEC INTL A,2023-05-23 01:00,11,63,0,35,12,24.1,Clear
QUEBEC INTL A,2023-05-23 02:00,9,60,0,4,9,24.1,NA
QUEBEC INTL A,2023-05-23 03:00,8,58,0,2,9,24.1,NA
QUEBEC INTL A,2023-05-23 04:00,7,62,0,1,5,48.3,Clear
QUEBEC INTL A,2023-05-23 05:00,5,74,0,5,3,48.3,NA
QUEBEC INTL A,2023-05-23 06:00,5,78,0,4,1,48.3,NA
QUEBEC INTL A,2023-05-23 07:00,8,64,0,5,7,48.3,Mainly Clear
QUEBEC INTL A,2023-05-23 08:00,9,60,0,9,10,48.3,NA
QUEBEC INTL A,2023-05-23 09:00,10,52,0,,11,48.3,NA
QUEBEC INTL A,2023-05-23 10:00,11,58,0,23,12,48.3,Mainly Clear
QUEBEC INTL A,2023-05-23 11:00,11,51,0,24,15,48.3,NA
QUEBEC INTL A,2023-05-23 12:00,11,56,0,24,11,48.3,NA
QUEBEC INTL A,2023-05-23 13:00,10,50,0,25,15,48.3,Mainly Clear
QUEBEC INTL A,2023-05-23 14:00,10,47,0,27,16,48.3,NA
QUEBEC INTL A,2023-05-23 15:00,10,47,0,22,13,48.3,NA
QUEBEC INTL A,2023-05-23 16:00,9,44,0,24,17,48.3,Mostly Cloudy
QUEBEC INTL A,2023-05-23 17:00,10,33,0,22,18,48.3,NA
QUEBEC INTL A,2023-05-23 18:00,10,35,0,25,16,48.3,NA
QUEBEC INTL A,2023-05-23 19:00,9,38,0,23,19,48.3,Mostly Cloudy
QUEBEC INTL A,2023-05-23 20:00,8,41,0,20,7,24.1,NA
QUEBEC INTL A,2023-05-23 21:00,8,45,0,24,7,24.1,NA
QUEBEC INTL A,2023-05-23 22:00,7,47,0,22,5,24.1,Mostly Cloudy
QUEBEC INTL A,2023-05-23 23:00,7,48,0,23,4,24.1,NA
QUEBEC INTL A,2023-05-24 00:00,12.2,51,0,25,5,24.1,NA
QUEBEC INTL A,2023-05-24 01:00,9.1,75,0,28,4,24.1,Mostly Cloudy
QUEBEC INTL A,2023-05-24 02:00,11.4,66,0,28,7,24.1,NA
QUEBEC INTL A,2023-05-24 03:00,12.1,61,0,22,17,24.1,NA
QUEBEC INTL A,2023-05-24 04:00,10.8,70,0,23,13,32.2,Cloudy
QUEBEC INTL A,2023-05-24 05:00,11.4,69,0,23,5,40.2,NA
QUEBEC INTL A,2023-05-24 06:00,11.5,68,0,26,7,32.2,NA
QUEBEC INTL A,2023-05-24 07:00,12.1,75,0.2,36,3,32.2,Rain
QUEBEC INTL A,2023-05-24 08:00,11.6,85,0.5,34,4,32.2,Rain
QUEBEC INTL A,2023-05-24 09:00,11.8,82,0,36,8,32.2,Rain
QUEBEC INTL A,2023-05-24 10:00,12.5,76,0,36,9,40.2,Cloudy
QUEBEC INTL A,2023-05-24 11:00,12,69,0,1,10,48.3,Rain
QUEBEC INTL A,2023-05-24 12:00,13.3,57,0,36,11,48.3,NA
QUEBEC INTL A,2023-05-24 13:00,13.9,56,0,35,10,40.2,Mostly Cloudy
QUEBEC INTL A,2023-05-24 14:00,12.2,79,0,6,20,48.3,NA
QUEBEC INTL A,2023-05-24 15:00,10.9,78,0,8,21,48.3,NA
QUEBEC INTL A,2023-05-24 16:00,10.9,75,0,9,14,48.3,Mostly Cloudy
QUEBEC INTL A,2023-05-24 17:00,10.8,71,0,11,4,48.3,NA
QUEBEC INTL A,2023-05-24 18:00,11.5,49,0,1,10,48.3,NA
QUEBEC INTL A,2023-05-24 19:00,11.3,48,0,2,9,48.3,Mostly Cloudy
QUEBEC INTL A,2023-05-24 20:00,9.1,60,0,36,3,24.1,NA
QUEBEC INTL A,2023-05-24 21:00,8.7,62,0,29,4,24.1,NA
QUEBEC INTL A,2023-05-24 22:00,8.9,64,0,36,5,24.1,Mostly Cloudy
QUEBEC INTL A,2023-05-24 23:00,8.9,65,0,36,8,24.1,NA
QUEBEC INTL A,2023-05-25 00:00,8.4,68,0,32,5,24.1,NA
QUEBEC INTL A,2023-05-25 01:00,8.4,67,0,34,13,24.1,Mostly Cloudy
QUEBEC INTL A,2023-05-25 02:00,8.4,66,0,1,9,24.1,NA
QUEBEC INTL A,2023-05-25 03:00,8.6,65,0,1,10,24.1,NA
QUEBEC INTL A,2023-05-25 04:00,8.5,66,0,35,5,48.3,Mostly Cloudy
QUEBEC INTL A,2023-05-25 05:00,8.6,65,0,1,10,48.3,NA
QUEBEC INTL A,2023-05-25 06:00,9.2,61,0,35,9,48.3,NA
QUEBEC INTL A,2023-05-25 07:00,10.3,55,0,35,10,48.3,Mainly Clear
QUEBEC INTL A,2023-05-25 08:00,11.4,46,0,36,9,48.3,NA
QUEBEC INTL A,2023-05-25 09:00,12.7,39,0,36,13,48.3,NA
QUEBEC INTL A,2023-05-25 10:00,14,35,0,33,16,48.3,Mainly Clear
QUEBEC INTL A,2023-05-25 11:00,15.6,27,0,36,17,48.3,NA
QUEBEC INTL A,2023-05-25 12:00,16.6,25,0,32,8,48.3,NA
QUEBEC INTL A,2023-05-25 13:00,16.6,37,0,7,15,48.3,Mainly Clear
QUEBEC INTL A,2023-05-25 14:00,15.5,42,0,6,21,48.3,NA
QUEBEC INTL A,2023-05-25 15:00,13.9,45,0,6,17,48.3,NA
QUEBEC INTL A,2023-05-25 16:00,12.8,50,0,8,29,48.3,Mostly Cloudy
QUEBEC INTL A,2023-05-25 17:00,12.3,42,0,7,28,48.3,NA
QUEBEC INTL A,2023-05-25 18:00,10.9,48,0,8,34,48.3,NA
QUEBEC INTL A,2023-05-25 19:00,9,60,0,7,24,48.3,Mostly Cloudy
QUEBEC INTL A,2023-05-25 20:00,7.9,68,0,7,23,24.1,NA
QUEBEC INTL A,2023-05-25 21:00,7.8,73,0,8,26,24.1,NA
QUEBEC INTL A,2023-05-25 22:00,7.6,74,0,7,23,24.1,Mostly Cloudy
QUEBEC INTL A,2023-05-25 23:00,7,79,0,7,11,24.1,NA
QUEBEC INTL A,2023-05-26 00:00,5.9,84,0,2,7,24.1,NA
QUEBEC INTL A,2023-05-26 01:00,3.5,96,0,30,5,24.1,Mainly Clear
QUEBEC INTL A,2023-05-26 02:00,3.3,94,0,32,8,24.1,NA
QUEBEC INTL A,2023-05-26 03:00,2.7,96,0,,0,24.1,NA
QUEBEC INTL A,2023-05-26 04:00,2.1,97,0,29,4,24.1,Mostly Cloudy
QUEBEC INTL A,2023-05-26 05:00,2.9,95,0,10,5,48.3,NA
QUEBEC INTL A,2023-05-26 06:00,6,79,0,24,4,48.3,NA
QUEBEC INTL A,2023-05-26 07:00,9,73,0,22,5,48.3,Mainly Clear
QUEBEC INTL A,2023-05-26 08:00,11.4,67,0,20,7,48.3,NA
QUEBEC INTL A,2023-05-26 09:00,13.2,52,0,19,9,48.3,NA
QUEBEC INTL A,2023-05-26 10:00,14.4,52,0,19,18,48.3,Mainly Clear
QUEBEC INTL A,2023-05-26 11:00,15.7,47,0,19,19,48.3,NA
QUEBEC INTL A,2023-05-26 12:00,17.4,44,0,22,26,48.3,NA
QUEBEC INTL A,2023-05-26 13:00,18.3,40,0,21,35,48.3,Mostly Cloudy
QUEBEC INTL A,2023-05-26 14:00,19.4,33,0,21,35,48.3,NA
QUEBEC INTL A,2023-05-26 15:00,21.6,24,0,27,25,48.3,NA
QUEBEC INTL A,2023-05-26 16:00,20.9,25,0,27,16,48.3,Mostly Cloudy
QUEBEC INTL A,2023-05-26 17:00,21.2,26,0,28,12,48.3,NA
QUEBEC INTL A,2023-05-26 18:00,19,39,0,24,21,48.3,NA
QUEBEC INTL A,2023-05-26 19:00,15.1,54,0,25,16,48.3,Mainly Clear
QUEBEC INTL A,2023-05-26 20:00,13.7,55,0,26,10,48.3,NA
QUEBEC INTL A,2023-05-26 21:00,12.4,56,0,23,8,24.1,NA
QUEBEC INTL A,2023-05-26 22:00,12.9,50,0,31,7,24.1,Mainly Clear
QUEBEC INTL A,2023-05-26 23:00,10.7,59,0,26,4,24.1,NA
QUEBEC INTL A,2023-05-27 00:00,11.3,55,0,30,7,24.1,NA
QUEBEC INTL A,2023-05-27 01:00,8.8,68,0,24,4,24.1,Mainly Clear
QUEBEC INTL A,2023-05-27 02:00,7.4,77,0,,0,24.1,NA
QUEBEC INTL A,2023-05-27 03:00,8.5,75,0,24,5,48.3,NA
QUEBEC INTL A,2023-05-27 04:00,8.6,72,0,24,5,48.3,Mostly Cloudy
QUEBEC INTL A,2023-05-27 05:00,8.8,78,0,,0,48.3,NA
QUEBEC INTL A,2023-05-27 06:00,9.8,72,0,27,5,48.3,NA
QUEBEC INTL A,2023-05-27 07:00,12.9,60,0,24,10,48.3,Mostly Cloudy
QUEBEC INTL A,2023-05-27 08:00,13.7,59,0,20,7,48.3,NA
QUEBEC INTL A,2023-05-27 09:00,13.4,66,0,22,10,48.3,NA
QUEBEC INTL A,2023-05-27 10:00,16,57,0,18,5,48.3,Mostly Cloudy
QUEBEC INTL A,2023-05-27 11:00,19.5,44,0,23,21,48.3,NA
QUEBEC INTL A,2023-05-27 12:00,22.3,38,0,25,23,48.3,NA
QUEBEC INTL A,2023-05-27 13:00,23.2,40,0,24,11,48.3,Mostly Cloudy
QUEBEC INTL A,2023-05-27 14:00,25.2,33,0,25,14,48.3,NA
QUEBEC INTL A,2023-05-27 15:00,26.3,30,0,25,25,48.3,NA
QUEBEC INTL A,2023-05-27 16:00,26.7,31,0,25,32,48.3,Clear
QUEBEC INTL A,2023-05-27 17:00,26.4,33,0,26,23,48.3,NA
QUEBEC INTL A,2023-05-27 18:00,25.2,36,0,24,16,48.3,NA
QUEBEC INTL A,2023-05-27 19:00,22.2,44,0,22,15,48.3,Clear
QUEBEC INTL A,2023-05-27 20:00,19.5,49,0,25,14,32.2,NA
QUEBEC INTL A,2023-05-27 21:00,19.1,49,0,25,18,24.1,NA
QUEBEC INTL A,2023-05-27 22:00,18.4,51,0,25,20,24.1,Clear
QUEBEC INTL A,2023-05-27 23:00,18.4,50,0,24,20,24.1,NA
QUEBEC INTL A,2023-05-28 00:00,17.5,52,0,24,23,24.1,NA
QUEBEC INTL A,2023-05-28 01:00,17.2,53,0,24,27,24.1,Clear
QUEBEC INTL A,2023-05-28 02:00,15.4,63,0,25,19,24.1,NA
QUEBEC INTL A,2023-05-28 03:00,13.4,72,0,26,14,24.1,NA
QUEBEC INTL A,2023-05-28 04:00,11.4,80,0,25,10,48.3,Mainly Clear
QUEBEC INTL A,2023-05-28 05:00,12.5,80,0,25,12,48.3,NA
QUEBEC INTL A,2023-05-28 06:00,14.9,72,0,26,19,48.3,NA
QUEBEC INTL A,2023-05-28 07:00,16.8,65,0,26,25,48.3,Mainly Clear
QUEBEC INTL A,2023-05-28 08:00,19.1,55,0,24,27,48.3,NA
QUEBEC INTL A,2023-05-28 09:00,21.2,49,0,25,30,48.3,NA
QUEBEC INTL A,2023-05-28 10:00,22.9,45,0,24,33,48.3,Mainly Clear
QUEBEC INTL A,2023-05-28 11:00,25.2,42,0,22,32,48.3,NA
QUEBEC INTL A,2023-05-28 12:00,27.3,40,0,24,27,48.3,NA
QUEBEC INTL A,2023-05-28 13:00,29.6,36,0,25,31,48.3,Mostly Cloudy
QUEBEC INTL A,2023-05-28 14:00,29.5,31,0,27,33,48.3,NA
QUEBEC INTL A,2023-05-28 15:00,29.2,26,0,31,16,48.3,NA
QUEBEC INTL A,2023-05-28 16:00,28,18,0,34,13,48.3,Clear
QUEBEC INTL A,2023-05-28 17:00,26.9,20,0,34,10,48.3,NA
QUEBEC INTL A,2023-05-28 18:00,24.2,27,0,35,14,48.3,NA
QUEBEC INTL A,2023-05-28 19:00,21.1,29,0,2,17,48.3,Mainly Clear
QUEBEC INTL A,2023-05-28 20:00,19.1,28,0,1,17,24.1,NA
QUEBEC INTL A,2023-05-28 21:00,17.1,32,0,1,10,24.1,NA
QUEBEC INTL A,2023-05-28 22:00,16.2,36,0,2,10,24.1,Mainly Clear
QUEBEC INTL A,2023-05-28 23:00,15.2,40,0,1,12,24.1,NA
QUEBEC INTL A,2023-05-29 00:00,13.9,44,0,2,9,24.1,NA
QUEBEC INTL A,2023-05-29 01:00,12.4,49,0,2,9,24.1,Mainly Clear
QUEBEC INTL A,2023-05-29 02:00,11.8,47,0,3,10,24.1,NA
QUEBEC INTL A,2023-05-29 03:00,10.5,52,0,4,10,24.1,NA
QUEBEC INTL A,2023-05-29 04:00,9,65,0,5,12,48.3,Mainly Clear
QUEBEC INTL A,2023-05-29 05:00,9.7,68,0,4,7,48.3,NA
QUEBEC INTL A,2023-05-29 06:00,12,63,0,5,16,48.3,NA
QUEBEC INTL A,2023-05-29 07:00,13.1,49,0,8,17,48.3,Mainly Clear
QUEBEC INTL A,2023-05-29 08:00,13.4,49,0,9,22,48.3,NA
QUEBEC INTL A,2023-05-29 09:00,14.1,49,0,8,21,48.3,NA
QUEBEC INTL A,2023-05-29 10:00,14.9,45,0,7,21,48.3,Mainly Clear
QUEBEC INTL A,2023-05-29 11:00,15.8,49,0,7,17,48.3,NA
QUEBEC INTL A,2023-05-29 12:00,16.3,45,0,6,17,48.3,NA
QUEBEC INTL A,2023-05-29 13:00,17,39,0,8,15,48.3,Mainly Clear
QUEBEC INTL A,2023-05-29 14:00,18.2,35,0,5,23,48.3,NA
QUEBEC INTL A,2023-05-29 15:00,18.4,35,0,6,20,48.3,NA
QUEBEC INTL A,2023-05-29 16:00,18.4,30,0,8,17,48.3,Mainly Clear
QUEBEC INTL A,2023-05-29 17:00,18.4,31,0,8,16,48.3,NA
QUEBEC INTL A,2023-05-29 18:00,17.7,34,0,3,5,48.3,NA
QUEBEC INTL A,2023-05-29 19:00,14.5,48,0,5,5,48.3,Mostly Cloudy
QUEBEC INTL A,2023-05-29 20:00,13.1,57,0,4,8,48.3,NA
QUEBEC INTL A,2023-05-29 21:00,9.8,78,0,4,5,24.1,NA
QUEBEC INTL A,2023-05-29 22:00,9.6,72,0,1,5,24.1,Clear
QUEBEC INTL A,2023-05-29 23:00,9.6,67,0,36,7,24.1,NA
QUEBEC INTL A,2023-05-30 00:00,9.9,63,0,1,9,24.1,NA
QUEBEC INTL A,2023-05-30 01:00,9.4,63,0,1,10,24.1,Clear
QUEBEC INTL A,2023-05-30 02:00,7,74,0,5,7,24.1,NA
QUEBEC INTL A,2023-05-30 03:00,8.3,68,0,1,9,48.3,NA
QUEBEC INTL A,2023-05-30 04:00,6.5,76,0,6,7,48.3,Mainly Clear
QUEBEC INTL A,2023-05-30 05:00,7.5,74,0,1,3,48.3,NA
QUEBEC INTL A,2023-05-30 06:00,10.5,65,0,4,6,48.3,NA
QUEBEC INTL A,2023-05-30 07:00,13.3,58,0,,0,48.3,Mostly Cloudy
QUEBEC INTL A,2023-05-30 08:00,16.5,48,0,25,3,48.3,NA
QUEBEC INTL A,2023-05-30 09:00,18.9,51,0,23,17,48.3,NA
QUEBEC INTL A,2023-05-30 10:00,20.5,42,0,21,16,48.3,Mostly Cloudy
QUEBEC INTL A,2023-05-30 11:00,22,41,0,23,17,48.3,NA
QUEBEC INTL A,2023-05-30 12:00,23.5,37,0,21,18,48.3,NA
QUEBEC INTL A,2023-05-30 13:00,24.4,30,0,24,14,48.3,Mostly Cloudy
QUEBEC INTL A,2023-05-30 14:00,25.4,21,0,22,20,48.3,NA
QUEBEC INTL A,2023-05-30 15:00,25.7,21,0,26,14,48.3,NA
QUEBEC INTL A,2023-05-30 16:00,25.5,25,0,24,14,48.3,Mostly Cloudy
QUEBEC INTL A,2023-05-30 17:00,24.6,28,0,27,16,48.3,NA
QUEBEC INTL A,2023-05-30 18:00,23.2,32,0,26,12,48.3,NA
QUEBEC INTL A,2023-05-30 19:00,18.7,43,0,25,10,48.3,Mainly Clear
QUEBEC INTL A,2023-05-30 20:00,18.6,38,0,25,8,48.3,NA
QUEBEC INTL A,2023-05-30 21:00,14.8,60,0,28,5,24.1,NA
QUEBEC INTL A,2023-05-30 22:00,13.8,58,0,16,3,24.1,Mainly Clear
QUEBEC INTL A,2023-05-30 23:00,13,67,0,6,4,24.1,NA
QUEBEC INTL A,2023-05-31 00:00,11.8,70,0,32,4,24.1,NA
QUEBEC INTL A,2023-05-31 01:00,10.4,81,0,1,4,24.1,Clear
QUEBEC INTL A,2023-05-31 02:00,10.6,79,0,22,3,24.1,NA
QUEBEC INTL A,2023-05-31 03:00,9.4,85,0,,0,24.1,NA
QUEBEC INTL A,2023-05-31 04:00,9.2,86,0,,0,48.3,Mainly Clear
QUEBEC INTL A,2023-05-31 05:00,9.8,90,0,,0,40.2,NA
QUEBEC INTL A,2023-05-31 06:00,14.2,75,0,29,5,40.2,NA
QUEBEC INTL A,2023-05-31 07:00,18.2,67,0,24,16,40.2,Mainly Clear
QUEBEC INTL A,2023-05-31 08:00,20.5,63,0,25,19,40.2,NA
QUEBEC INTL A,2023-05-31 09:00,22.5,59,0,23,16,40.2,NA
QUEBEC INTL A,2023-05-31 10:00,24.9,51,0,23,21,40.2,Mainly Clear
QUEBEC INTL A,2023-05-31 11:00,26.7,43,0,24,24,40.2,NA
QUEBEC INTL A,2023-05-31 12:00,27.9,40,0,24,18,40.2,NA
QUEBEC INTL A,2023-05-31 13:00,28.7,34,0,24,14,48.3,Clear
QUEBEC INTL A,2023-05-31 14:00,29.8,34,0,26,20,48.3,NA
QUEBEC INTL A,2023-05-31 15:00,29.9,31,0,25,23,48.3,NA
QUEBEC INTL A,2023-05-31 16:00,29.8,31,0,25,23,48.3,Clear
QUEBEC INTL A,2023-05-31 17:00,29.4,34,0,23,18,48.3,NA
QUEBEC INTL A,2023-05-31 18:00,27.9,41,0,24,12,48.3,NA
QUEBEC INTL A,2023-05-31 19:00,23.1,56,0,25,16,48.3,Clear
QUEBEC INTL A,2023-05-31 20:00,21.6,56,0,25,17,24.1,NA
QUEBEC INTL A,2023-05-31 21:00,22.5,52,0,28,7,24.1,NA
QUEBEC INTL A,2023-05-31 22:00,19.1,70,0,,0,24.1,Clear
QUEBEC INTL A,2023-05-31 23:00,17.2,78,0,33,3,24.1,NA
